{
  "project_info": {
    "project_number": "821196668692",
    "project_id": "fcmintegration-408919",
    "storage_bucket": "fcmintegration-408919.appspot.com"
  },
  "client": [
    {
      "client_info": {
        "mobilesdk_app_id": "1:821196668692:android:8372d0913be5b9cc238c01",
        "android_client_info": {
          "package_name": "com.fetchtoken"
        }
      },
      "oauth_client": [],
      "api_key": [
        {
          "current_key": "AIzaSyCb3TDeU-vgBMWHLIe95d3bOArEVl1bkMc"
        }
      ],
      "services": {
        "appinvite_service": {
          "other_platform_oauth_client": []
        }
      }
    }
  ],
  "configuration_version": "1"
}